URL;Image;Retailer;Brand;Product Name;Caliber;Price
/p/magtech/22-lfb-standard-velocity-lrn-2-6g-40grs/144913?navCategoryId=62821;//bilder.frankonia.de/fsicache/server?type=image&width=328&height=328&effects=pad(CC,ffff)&quality=40&source=products/p144913_ha_v1.jpg;Frankonia;Magtech;.22 lfb. Standard Velocity LRN 2,6g/40grs;.22 lfb;4,40
/p/geco/22-lfb-semi-auto-blei-rundkopf-2-6g-40grs/191204?navCategoryId=62821;//bilder.frankonia.de/fsicache/server?type=image&width=328&height=328&effects=pad(CC,ffff)&quality=40&source=products/p191204_ha_v1.jpg;Frankonia;Geco;.22 lfb. Semi-Auto Blei Rundkopf 2,6g/40grs.;.22 lfb;5,30
/p/topshot-competition/22-lfb-sv-target-2-6g-40grs/166449?navCategoryId=62821;//bilder.frankonia.de/fsicache/server?type=image&width=328&height=328&effects=pad(CC,ffff)&quality=40&source=products/p166449_ha_v1.jpg;Frankonia;TOPSHOT Competition;.22 lfb. SV Target 2,6g/40grs.;.22 lfb;5,99
/p/magtech/22-lfb-lrn-copper-plated-2-6g-40grs/2014050?navCategoryId=62821;//bilder.frankonia.de/fsicache/server?type=image&width=328&height=328&effects=pad(CC,ffff)&quality=40&source=products/p2003481_d1.jpg;Frankonia;Magtech;.22 lfb. LRN Copper Plated 2,6g/40grs.;.22 lfb;6,99
/p/rws/22-lfb-target-rifle-2-6g-40grs/120093?navCategoryId=62821;//bilder.frankonia.de/fsicache/server?type=image&width=328&height=328&effects=pad(CC,ffff)&quality=40&source=products/p120093_ha_v1.jpg;Frankonia;RWS;.22 lfb. Target Rifle 2,6g/40grs.;.22 lfb;7,40
/p/geco/22-lfb-rifle-blei-rundkopf-2-5g-40grs/191203?navCategoryId=62821;//bilder.frankonia.de/fsicache/server?type=image&width=328&height=328&effects=pad(CC,ffff)&quality=40&source=products/p191203_ha_v1.jpg;Frankonia;Geco;.22 lfb. Rifle Blei Rundkopf 2,5g/40grs.;.22 lfb;5,30
/p/rws/22-lfb-pistol-match-2-6g-40grs/66019?navCategoryId=62821;//bilder.frankonia.de/fsicache/server?type=image&width=328&height=328&effects=pad(CC,ffff)&quality=40&source=products/p66019_ha_v2.jpg;Frankonia;RWS;.22 lfb. Pistol Match 2,6g/40grs.;.22 lfb;8,99
/p/magtech/22-lfb-rn-hv-brass-plated-%28vermessingt%29-2-6g-40grs/144912?navCategoryId=62821;//bilder.frankonia.de/fsicache/server?type=image&width=288&height=288&effects=pad(CC,ffff)&quality=10&source=products/p144912_ha_v1.jpg;Frankonia;Magtech;.22 lfB., RN HV brass-plated 2,6g/40grs.;.22 lfb;7,50
/p/magtech/22-lfb-hp-hv-copper/144914?navCategoryId=62821;//bilder.frankonia.de/fsicache/server?type=image&width=288&height=288&effects=pad(CC,ffff)&quality=10&source=products/p144914_ha_v1.jpg;Frankonia;Magtech;.22 lfB., HP HV Copper;.22 lfb;8,30
/p/rws/22-lfb-rifle-match-2-6g-40grs/66017?navCategoryId=62821;//bilder.frankonia.de/fsicache/server?type=image&width=288&height=288&effects=pad(CC,ffff)&quality=10&source=products/p66017_ha_v2.jpg;Frankonia;RWS;.22 lfb. Rifle Match 2,6g/40grs.;.22 lfb;8,99
/p/rws/22-lfb-biathlon-competition-2-6g-40grs/2007577?navCategoryId=62821;//bilder.frankonia.de/fsicache/server?type=image&width=288&height=288&effects=pad(CC,ffff)&quality=10&source=products/p2007577_ha_v1.jpg;Frankonia;RWS;.22 lfb. Biathlon Competition 2,6g/40grs.;.22 lfb;23,99
/p/sellier-bellot/22-lfb-hv-2-6g-40grs/2013711?navCategoryId=62821;//bilder.frankonia.de/fsicache/server?type=image&width=288&height=288&effects=pad(CC,ffff)&quality=10&source=products/p2013711_ha_v1.jpg;Frankonia;Sellier & Bellot;.22 lfb. HV 2,6g/40grs.;.22 lfb;8,99
/p/federal-ammunition/22-lfb-gold-medal-target/110184?navCategoryId=62821;//bilder.frankonia.de/fsicache/server?type=image&width=288&height=288&effects=pad(CC,ffff)&quality=10&source=products/p110184_ha_v1.jpg;Frankonia;Federal Ammunition;.22 lfb. Gold Medal Target;.22 lfb;9,99
/p/rws/22-lfb-r-50-2-6g-40grs/66022?navCategoryId=62821;//bilder.frankonia.de/fsicache/server?type=image&width=288&height=288&effects=pad(CC,ffff)&quality=10&source=products/p66022_ha_v2.jpg;Frankonia;RWS;.22 lfb. R 50 2,6g/40grs.;.22 lfb;23,99
/p/rws/22-lfb-special-match-2-6g-40grs/100380?navCategoryId=62821;//bilder.frankonia.de/fsicache/server?type=image&width=288&height=288&effects=pad(CC,ffff)&quality=10&source=products/p100380_ha_v1.jpg;Frankonia;RWS;.22 lfb. Special Match 2,6g/40grs.;.22 lfb;12,99
/p/cci/22-lfb-pistol-match/66195?navCategoryId=62821;//bilder.frankonia.de/fsicache/server?type=image&width=288&height=288&effects=pad(CC,ffff)&quality=10&source=products/p66195_ha_v1.jpg;Frankonia;CCI;.22 lfb. Pistol Match;.22 lfb;18,99
/p/rws/22-lfb-r-100-2-6g-40grs/66025?navCategoryId=62821;//bilder.frankonia.de/fsicache/server?type=image&width=288&height=288&effects=pad(CC,ffff)&quality=10&source=products/p66025_ha_v2.jpg;Frankonia;RWS;.22 lfb. R 100 2,6g/40grs.;.22 lfb;25,99
/p/rws/22-lfb-biathlon-special-match-2-6g-40grs/2007578?navCategoryId=62821;//bilder.frankonia.de/fsicache/server?type=image&width=288&height=288&effects=pad(CC,ffff)&quality=10&source=products/p2007578_ha_v1.jpg;Frankonia;RWS;.22 lfb. Biathlon Special Match 2,6g/40grs.;.22 lfb;12,99
/p/rws/22-lfb-p25-rapid-fire-2-6g-40grs/2013856?navCategoryId=62821;//bilder.frankonia.de/fsicache/server?type=image&width=288&height=288&effects=pad(CC,ffff)&quality=10&source=products/p2013856_ha.jpg;Frankonia;RWS;.22 lfb. P25 Rapid Fire 2,6g/40grs.;.22 lfb;13,99
/p/rws/22-lfb-pistol-match-sr-2-6g-40grs/167249?navCategoryId=62821;//bilder.frankonia.de/fsicache/server?type=image&width=288&height=288&effects=pad(CC,ffff)&quality=10&source=products/p167249_ha_v1.jpg;Frankonia;RWS;.22 lfb. Pistol Match SR 2,6g/40grs.;.22 lfb;8,99
/p/rws/22-lfb-subsonic-hp-2-6g-40grs/66016?navCategoryId=62821;//bilder.frankonia.de/fsicache/server?type=image&width=288&height=288&effects=pad(CC,ffff)&quality=10&source=products/p66016_ha_v1.jpg;Frankonia;RWS;.22 lfb. Subsonic HP 2,6g/40grs.;.22 lfb;13,30
/p/rws/22-lfb-rifle-match-s-2-6g-40grs/120092?navCategoryId=62821;//bilder.frankonia.de/fsicache/server?type=image&width=288&height=288&effects=pad(CC,ffff)&quality=10&source=products/p120092_ha_v1.jpg;Frankonia;RWS;.22 lfb. Rifle Match S 2,6g/40grs.;.22 lfb;8,99
/p/cci/22-lfb-sv-in-hartbox-2-6g-40grs/66194?navCategoryId=62821;//bilder.frankonia.de/fsicache/server?type=image&width=288&height=288&effects=pad(CC,ffff)&quality=10&source=products/p66194_ha.jpg;Frankonia;CCI;.22 lfb. SV in Hartbox 2,6g/40grs.;.22 lfb;16,99
/p/rws/22-lfb-high-velocity-hp-2-6g-40grs/66029?navCategoryId=62821;//bilder.frankonia.de/fsicache/server?type=image&width=288&height=288&effects=pad(CC,ffff)&quality=10&source=products/p66029_ha.jpg;Frankonia;RWS;.22 lfb. High Velocity HP 2,6g/40grs.;.22 lfb;14,70
/p/sellier-bellot/22-lfb-subsonic-hp-2-6g-40grs/186202?navCategoryId=62821;//bilder.frankonia.de/fsicache/server?type=image&width=288&height=288&effects=pad(CC,ffff)&quality=10&source=products/p186202_ha.jpg;Frankonia;Sellier & Bellot;.22 lfb. Subsonic HP 2,6g/40grs.;.22 lfb;8,30
/p/topshot-competition/22-lfb-black-edition-sv-2-6g-40grs/2003815?navCategoryId=62821;//bilder.frankonia.de/fsicache/server?type=image&width=288&height=288&effects=pad(CC,ffff)&quality=10&source=products/p2003815_ha_v1.jpg;Frankonia;TOPSHOT Competition;.22 lfb. Black Edition SV 2,6g/40grs.;.22 lfb;7,40
/p/rws/22-lfb-target-pistol-2-6g-40grs/66012?navCategoryId=62821;//bilder.frankonia.de/fsicache/server?type=image&width=288&height=288&effects=pad(CC,ffff)&quality=10&source=products/p66012_ha_v1.jpg;Frankonia;RWS;.22 lfb. Target Pistol 2,6g/40grs.;.22 lfb;8,90
/p/topshot-competition/9-mm-luger-vollmantel-8-0-g-124-grs/160513?navCategoryId=63318;//bilder.frankonia.de/fsicache/server?type=image&width=328&height=328&effects=pad(CC,ffff)&quality=40&source=products/p160513_ha_v2.jpg;Frankonia;TOPSHOT Competition;9 mm Luger Vollmantel 8,0 g/124 grs.;9mm Luger;15,80
/p/topshot-competition/357-magnum-teilmantel-flachkopf-10-2g-158grs/160514?navCategoryId=63318;//bilder.frankonia.de/fsicache/server?type=image&width=328&height=328&effects=pad(CC,ffff)&quality=40&source=products/p160514_ha_v1.jpg;Frankonia;TOPSHOT Competition;.357 Magnum Teilmantel Flachkopf 10,2g/158grs.;.357 Magnum;24,70
/p/magtech/45-acp-vollmantel-14-9g-230grs/144815?navCategoryId=63318;//bilder.frankonia.de/fsicache/server?type=image&width=328&height=328&effects=pad(CC,ffff)&quality=40&source=products/p144815_ha_v1.jpg;Frankonia;Magtech;.45 ACP Vollmantel 14,9g/230grs.;.45 ACP;24,70
/p/geco/9-mm-luger-hexagon-sx-8-0g-124grs/182071?navCategoryId=63318;//bilder.frankonia.de/fsicache/server?type=image&width=328&height=328&effects=pad(CC,ffff)&quality=40&source=products/p182071_ha_v1.jpg;Frankonia;Geco;9 mm Luger Hexagon SX 8,0g/124grs.;9mm Luger;23,99
/p/sellier-bellot/38-spec-teilmantel-10-24g-158grs/64192?navCategoryId=63318;//bilder.frankonia.de/fsicache/server?type=image&width=328&height=328&effects=pad(CC,ffff)&quality=40&source=products/p64192_ha.jpg;Frankonia;Sellier & Bellot;.38 Spec. Teilmantel 10,24g/158grs.;.38 Special;23,99
/p/topshot-competition/45-acp-vollmantel-14-9g-230grs/171543?navCategoryId=63318;//bilder.frankonia.de/fsicache/server?type=image&width=328&height=328&effects=pad(CC,ffff)&quality=40&source=products/p171543_ha_v1.jpg;Frankonia;TOPSHOT Competition;.45 ACP Vollmantel 14,9g/230grs.;.45 ACP;26,00
/p/sellier-bellot/357-mag-vollmantel-10-24g-158grs/64194?navCategoryId=63318;//bilder.frankonia.de/fsicache/server?type=image&width=328&height=328&effects=pad(CC,ffff)&quality=40&source=products/p64194_ha.jpg;Frankonia;Sellier & Bellot;.357 Mag. Vollmantel 10,24g/158grs.;.357 Magnum;25,99
/p/sellier-bellot/9-mm-luger-vollmantel-7-45g-115grs/65185?navCategoryId=63318;//bilder.frankonia.de/fsicache/server?type=image&width=328&height=328&effects=pad(CC,ffff)&quality=40&source=products/p65185_ha.jpg;Frankonia;Sellier & Bellot;9 mm Luger Vollmantel 7,45g/115grs.;9mm Luger;17,30
/p/sellier-bellot/9-mm-luger-hohlspitz-nontox-7-5g-115grs/122756?navCategoryId=63318;//bilder.frankonia.de/fsicache/server?type=image&width=288&height=288&effects=pad(CC,ffff)&quality=10&source=products/p122756_ha.jpg;Frankonia;Sellier & Bellot;9 mm Luger Hohlspitz NonTox 7,5g/115grs.;9mm Luger;29,99
/p/geco/357-magnum-hohlspitz-10-2g-158grs/167228?navCategoryId=63318;//bilder.frankonia.de/fsicache/server?type=image&width=288&height=288&effects=pad(CC,ffff)&quality=10&source=products/p167228_ha_v1.jpg;Frankonia;Geco;.357 Magnum Hohlspitz 10,2g/158grs.;.357 Magnum;28,99
/p/magtech/9-mm-luger-vollmantel-subsonic-9-52g-147grs/144805?navCategoryId=63318;//bilder.frankonia.de/fsicache/server?type=image&width=288&height=288&effects=pad(CC,ffff)&quality=10&source=products/p144805_ha_v1.jpg;Frankonia;Magtech;9 mm Luger Vollmantel Subsonic 9,52g/147grs.;9mm Luger;20,99
/p/geco/9-mm-luger-vollmantel-sx-8-0g-124grs/130932?navCategoryId=63318;//bilder.frankonia.de/fsicache/server?type=image&width=288&height=288&effects=pad(CC,ffff)&quality=10&source=products/p130932_ha_v1.jpg;Frankonia;Geco;9 mm Luger Vollmantel SX 8,0g/124grs.;9mm Luger;22,99
/p/magtech/9-mm-luger-steel-vollmantel-8-0g-124grs/2017704?navCategoryId=63318;//bilder.frankonia.de/fsicache/server?type=image&width=288&height=288&effects=pad(CC,ffff)&quality=10&source=products/p2017703_ha.jpg;Frankonia;Magtech;9 mm Luger Steel Vollmantel 8,0g/124grs.;9mm Luger;15,80
/p/geco/9-mm-luger-vollmantel-8-0g-124grs/124951?navCategoryId=63318;//bilder.frankonia.de/fsicache/server?type=image&width=288&height=288&effects=pad(CC,ffff)&quality=10&source=products/p124951_ha_v1.jpg;Frankonia;Geco;9 mm Luger Vollmantel 8,0g/124grs.;9mm Luger;17,80
/p/sellier-bellot/38-spec-wadcutter-9-6g-148grs/64190?navCategoryId=63318;//bilder.frankonia.de/fsicache/server?type=image&width=288&height=288&effects=pad(CC,ffff)&quality=10&source=products/p64190_ha.jpg;Frankonia;Sellier & Bellot;.38 Spec. Wadcutter 9,6g/148grs.;.38 Special;24,99
/p/magtech/9-mm-luger-jhp-7-45g-115grs/144802?navCategoryId=63318;//bilder.frankonia.de/fsicache/server?type=image&width=288&height=288&effects=pad(CC,ffff)&quality=10&source=products/p144802_ha_v1.jpg;Frankonia;Magtech;9 mm Luger JHP 7,45g/115grs.;9mm Luger;20,50
/p/geco/9-mm-luger-hohlspitz-7-5g-115grs/167234?navCategoryId=63318;//bilder.frankonia.de/fsicache/server?type=image&width=288&height=288&effects=pad(CC,ffff)&quality=10&source=products/p167234_ha_v1.jpg;Frankonia;Geco;9 mm Luger Hohlspitz 7,5g/115grs.;9mm Luger;21,70
/p/winchester/9-mm-luger-vollmantel-8-0g-124grs/2013029?navCategoryId=63318;//bilder.frankonia.de/fsicache/server?type=image&width=288&height=288&effects=pad(CC,ffff)&quality=10&source=products/p2013029_ha_v1.jpg;Frankonia;Winchester;9 mm Luger Vollmantel 8,0g/124grs.;9mm Luger;17,99
/p/magtech/357-magnum-sjsp-10-24g-158grs/144864?navCategoryId=63318;//bilder.frankonia.de/fsicache/server?type=image&width=288&height=288&effects=pad(CC,ffff)&quality=10&source=products/p144864_ha_v1.jpg;Frankonia;Magtech;.357 Magnum SJSP 10,24g/158grs.;.357 Magnum;27,99
/p/magtech/9-mm-luger-jsp-flat-6-15g-95grs/144803?navCategoryId=63318;//bilder.frankonia.de/fsicache/server?type=image&width=288&height=288&effects=pad(CC,ffff)&quality=10&source=products/p144803_ha_v1.jpg;Frankonia;Magtech;9 mm Luger JSP-Flat 6,15g/95grs.;9mm Luger;20,99
/p/magtech/45-acp-vollmantel-swc-14-9g-230grs/144816?navCategoryId=63318;//bilder.frankonia.de/fsicache/server?type=image&width=288&height=288&effects=pad(CC,ffff)&quality=10&source=products/p144816_ha_v1.jpg;Frankonia;Magtech;.45 ACP Vollmantel SWC 14,9g/230grs.;.45 ACP;27,50
/p/magtech/38-special-lrn-10-24g-158grs/144837?navCategoryId=63318;//bilder.frankonia.de/fsicache/server?type=image&width=288&height=288&effects=pad(CC,ffff)&quality=10&source=products/p144837_ha_v1.jpg;Frankonia;Magtech;.38 Special LRN 10,24g/158grs.;.38 Special;20,99
/p/magtech/45-acp-jhp-bonded-14-9g-230grs/193435?navCategoryId=63318;//bilder.frankonia.de/fsicache/server?type=image&width=288&height=288&effects=pad(CC,ffff)&quality=10&source=products/p193435_ha.jpg;Frankonia;Magtech;.45 ACP JHP Bonded 14,9g/230grs.;.45 ACP;37,99
/p/magtech/9-mm-luger-jhp-9-5g-147grs/144807?navCategoryId=63318;//bilder.frankonia.de/fsicache/server?type=image&width=288&height=288&effects=pad(CC,ffff)&quality=10&source=products/p144807_ha_v1.jpg;Frankonia;Magtech;9 mm Luger JHP 9,5g/147grs.;9mm Luger;21,99
/p/magtech/9-mm-luger-jhp-bonded-9-5g-147grs/193433?navCategoryId=63318;//bilder.frankonia.de/fsicache/server?type=image&width=288&height=288&effects=pad(CC,ffff)&quality=10&source=products/p193433_ha.jpg;Frankonia;Magtech;9 mm Luger JHP Bonded 9,5g/147grs.;9mm Luger;28,99
/p/magtech/38-special-lwc-9-59g-148grs/144838?navCategoryId=63318;//bilder.frankonia.de/fsicache/server?type=image&width=288&height=288&effects=pad(CC,ffff)&quality=10&source=products/p144838_ha.jpg;Frankonia;Magtech;.38 Special LWC 9,59g/148grs.;.38 Special;22,60
/p/geco/38-special-hohlspitz-10-2g-158grs/166656?navCategoryId=63318;//bilder.frankonia.de/fsicache/server?type=image&width=288&height=288&effects=pad(CC,ffff)&quality=10&source=products/p166656_ha_v1.jpg;Frankonia;Geco;.38 Special Hohlspitz 10,2g/158grs.;.38 Special;27,99
/p/magtech/357-magnum-teilmantel-hp-10-2g-158grs/144861?navCategoryId=63318;//bilder.frankonia.de/fsicache/server?type=image&width=288&height=288&effects=pad(CC,ffff)&quality=10&source=products/p144861_ha_v1.jpg;Frankonia;Magtech;.357 Magnum Teilmantel HP 10,2g/158grs.;.357 Magnum;30,99
/p/magtech/9-mm-luger-vollmantel-7-45g-115grs/144800?navCategoryId=63318;//bilder.frankonia.de/fsicache/server?type=image&width=288&height=288&effects=pad(CC,ffff)&quality=10&source=products/p144800_ha_v1.jpg;Frankonia;Magtech;9 mm Luger Vollmantel 7,45g/115grs.;9mm Luger;18,99
/p/magtech/9-mm-luger-steel-vollmantel-7-5g-115grs/2017703?navCategoryId=63318;//bilder.frankonia.de/fsicache/server?type=image&width=288&height=288&effects=pad(CC,ffff)&quality=10&source=products/p2017703_ha_v1.jpg;Frankonia;Magtech;9 mm Luger Steel Vollmantel 7,5g/115grs.;9mm Luger;15,80
/p/sellier-bellot/45-acp-tfmj-nontox-14-9g-230grs/138091?navCategoryId=63318;//bilder.frankonia.de/fsicache/server?type=image&width=288&height=288&effects=pad(CC,ffff)&quality=10&source=products/p138091_ha.jpg;Frankonia;Sellier & Bellot;.45 ACP TFMJ NonTox 14,9g/230grs.;.45 ACP;29,99
/p/sellier-bellot/357-mag-blei-flachkopf-10-2g-158grs/172125?navCategoryId=63318;//bilder.frankonia.de/fsicache/server?type=image&width=288&height=288&effects=pad(CC,ffff)&quality=10&source=products/p172125_ha.jpg;Frankonia;Sellier & Bellot;.357 Mag. Blei Flachkopf 10,2g/158grs.;.357 Magnum;25,99
/p/magtech/38-special-sjsp-10-2g-158grs/144839?navCategoryId=63318;//bilder.frankonia.de/fsicache/server?type=image&width=288&height=288&effects=pad(CC,ffff)&quality=10&source=products/p144839_ha_v1.jpg;Frankonia;Magtech;.38 Special SJSP 10,24g/158grs.;.38 Special;28,70
/p/topshot-competition/357-magnum-teilmantel-hp-10-2g-158-grs/172552?navCategoryId=63318;//bilder.frankonia.de/fsicache/server?type=image&width=288&height=288&effects=pad(CC,ffff)&quality=10&source=products/p172552_ha.jpg;Frankonia;TOPSHOT Competition;.357 Magnum Teilmantel HP 10,2g/158grs.;.357 Magnum;28,99
/p/magtech/38-special-blei-flachkopf-10-2g-158grs/144893?navCategoryId=63318;//bilder.frankonia.de/fsicache/server?type=image&width=288&height=288&effects=pad(CC,ffff)&quality=10&source=products/p144893_ha_v1.jpg;Frankonia;Magtech;.38 Special Blei Flachkopf 10,2g/158grs.;.38 Special;25,50
/p/magtech/357-magnum-vollmantel-flachkopf-10-2g-158grs/144863?navCategoryId=63318;//bilder.frankonia.de/fsicache/server?type=image&width=288&height=288&effects=pad(CC,ffff)&quality=10&source=products/p144863_ha_v1.jpg;Frankonia;Magtech;.357 Magnum Vollmantel Flachkopf 10,2g/158grs.;.357 Magnum;30,99
/p/magtech/45-acp-feb-clean-range-14-9g-230grs/144902?navCategoryId=63318;//bilder.frankonia.de/fsicache/server?type=image&width=288&height=288&effects=pad(CC,ffff)&quality=10&source=products/p144902_ha_v1.jpg;Frankonia;Magtech;.45 ACP FEB Clean Range 14,9g/230grs.;.45 ACP;31,99
/p/sellier-bellot/357-mag-teilmantel-nontox-10-2g-158grs/122754?navCategoryId=63318;//bilder.frankonia.de/fsicache/server?type=image&width=288&height=288&effects=pad(CC,ffff)&quality=10&source=products/p122754_ha.jpg;Frankonia;Sellier & Bellot;.357 Mag. Teilmantel NonTox 10,2g/158grs.;.357 Magnum;29,99
/p/magtech/9-mm-luger-teilmantel-8-0g-124grs/144808?navCategoryId=63318;//bilder.frankonia.de/fsicache/server?type=image&width=288&height=288&effects=pad(CC,ffff)&quality=10&source=products/p144808_ha_v1.jpg;Frankonia;Magtech;9 mm Luger Teilmantel 8,0g/124grs.;9mm Luger;21,70
/p/magtech/9-mm-luger-teilmantel-flachkopf-6-2g-95grs/145456?navCategoryId=63318;//bilder.frankonia.de/fsicache/server?type=image&width=288&height=288&effects=pad(CC,ffff)&quality=10&source=products/p145456_ha_v1.jpg;Frankonia;Magtech;9 mm Luger Teilmantel Flachkopf 6,2g/95grs.;9mm Luger;20,99
/p/sellier-bellot/45-acp-jhp-14-9g-230grs/198134?navCategoryId=63318;//bilder.frankonia.de/fsicache/server?type=image&width=288&height=288&effects=pad(CC,ffff)&quality=10&source=products/p198134_ha.jpg;Frankonia;Sellier & Bellot;.45 ACP JHP 14,9g/230grs.;.45 ACP;31,99
/p/sellier-bellot/9-mm-luger-zink-rundkopf-bleifrei-5-9g-91grs/194372?navCategoryId=63318;//bilder.frankonia.de/fsicache/server?type=image&width=288&height=288&effects=pad(CC,ffff)&quality=10&source=products/p194372_ha_v1.jpg;Frankonia;Sellier & Bellot;9 mm Luger Zink Rundkopf bleifrei 5,9g/91grs.;9mm Luger;23,99
/p/magtech/9-mm-luger-clean-range-feb-8-0g-124grs/144900?navCategoryId=63318;//bilder.frankonia.de/fsicache/server?type=image&width=288&height=288&effects=pad(CC,ffff)&quality=10&source=products/p144900_ha_v1.jpg;Frankonia;Magtech;9 mm Luger Clean Range FEB 8,0g/124grs.;9mm Luger;22,40
/p/geco/38-special-vollmantel-flachkopf-10-2g-158grs/167225?navCategoryId=63318;//bilder.frankonia.de/fsicache/server?type=image&width=288&height=288&effects=pad(CC,ffff)&quality=10&source=products/p167225_ha_v1.jpg;Frankonia;Geco;.38 Special Vollmantel Flachkopf 10,2g/158grs.;.38 Special;27,99
/p/geco/38-special-blei-rundkopf-10-2g-158grs/167226?navCategoryId=63318;//bilder.frankonia.de/fsicache/server?type=image&width=288&height=288&effects=pad(CC,ffff)&quality=10&source=products/p167226_ha_v1.jpg;Frankonia;Geco;.38 Special Blei Rundkopf 10,2g/158grs.;.38 Special;23,99
/p/magtech/38-special-feb-flachkopf-clean-range-10-2g-158grs/144895?navCategoryId=63318;//bilder.frankonia.de/fsicache/server?type=image&width=288&height=288&effects=pad(CC,ffff)&quality=10&source=products/p144895_ha_v1.jpg;Frankonia;Magtech;.38 Special FEB Clean Range 10,2g/158grs.;.38 Special;28,99
/p/geco/45-acp-vollmantel-14-9g-230grs/65138?navCategoryId=63318;//bilder.frankonia.de/fsicache/server?type=image&width=288&height=288&effects=pad(CC,ffff)&quality=10&source=products/p65138_ha.jpg;Frankonia;Geco;.45 ACP Vollmantel 14,9g/230grs.;.45 ACP;34,99
/p/geco/357-magnum-vollmantel-flachkopf-10-2g-158grs/167227?navCategoryId=63318;//bilder.frankonia.de/fsicache/server?type=image&width=288&height=288&effects=pad(CC,ffff)&quality=10&source=products/p167227_ha_v1.jpg;Frankonia;Geco;.357 Magnum Vollmantel Flachkopf 10,2g/158grs.;.357 Magnum;27,99
/p/geco/9-mm-luger-hp-8-0g-124grs/196530?navCategoryId=63318;//bilder.frankonia.de/fsicache/server?type=image&width=288&height=288&effects=pad(CC,ffff)&quality=10&source=products/p196530_ha_v1.jpg;Frankonia;Geco;9 mm Luger HP 8,0g/124grs.;9mm Luger;10,60
/p/sellier-bellot/357-mag-tfmj-nontox-10-2g-158grs/126122?navCategoryId=63318;//bilder.frankonia.de/fsicache/server?type=image&width=288&height=288&effects=pad(CC,ffff)&quality=10&source=products/p126122_ha.jpg;Frankonia;Sellier & Bellot;.357 Mag. TFMJ NonTox 10,2g/158grs.;.357 Magnum;32,99
/p/magtech/38-special-vollmantel-flachkopf-10-2g-158grs/144847?page=1&navCategoryId=63318;//bilder.frankonia.de/fsicache/server?type=image&width=328&height=328&effects=pad(CC,ffff)&quality=40&source=products/p144847_ha_v1.jpg;Frankonia;Magtech;.38 Special Vollmantel Flachkopf 10,2g/158grs.;.38 Special;25,99
/p/sellier-bellot/38-special-tfmj-nontox-10-2g-158grs/126123?page=1&navCategoryId=63318;//bilder.frankonia.de/fsicache/server?type=image&width=328&height=328&effects=pad(CC,ffff)&quality=40&source=products/p126123_ha.jpg;Frankonia;Sellier & Bellot;.38 Special TFMJ NonTox 10,2g/158grs.;.38 Special;27,99
/p/magtech/38-special-p-jhp-bonded-8-0g-124grs/2001790?page=1&navCategoryId=63318;//bilder.frankonia.de/fsicache/server?type=image&width=328&height=328&effects=pad(CC,ffff)&quality=40&source=products/p2001790_ha.jpg;Frankonia;Magtech;.38 Special+P JHP Bonded 8,0g/124grs.;.38 Special;28,99
/p/sellier-bellot/38-special-teilmantel-nontox-10-2g-158grs/122753?page=1&navCategoryId=63318;//bilder.frankonia.de/fsicache/server?type=image&width=288&height=288&effects=pad(CC,ffff)&quality=10&source=products/p122753_ha.jpg;Frankonia;Sellier & Bellot;.38 Special Teilmantel NonTox 10,2g/158grs.;.38 Special;28,99
/p/geco/45-acp-blei-rk-verkupfert-sx-14-9g-230grs/196529?page=1&navCategoryId=63318;//bilder.frankonia.de/fsicache/server?type=image&width=288&height=288&effects=pad(CC,ffff)&quality=10&source=products/p196529_ha_v1.jpg;Frankonia;Geco;.45 ACP Blei RK verkupfert SX, 14,9g/230grs;.45 ACP;31,99
/p/magtech/9-mm-luger-jhp-bonded-8-0g-124grs/193432?page=1&navCategoryId=63318;//bilder.frankonia.de/fsicache/server?type=image&width=288&height=288&effects=pad(CC,ffff)&quality=10&source=products/p193432_ha.jpg;Frankonia;Magtech;9 mm Luger JHP Bonded 8,0g/124grs.;9mm Luger;26,50
/p/geco/45-acp-hohlspitz-14-9g-230grs/167241?page=1&navCategoryId=63318;//bilder.frankonia.de/fsicache/server?type=image&width=288&height=288&effects=pad(CC,ffff)&quality=10&source=products/p167241_ha_v2.jpg;Frankonia;Geco;.45 ACP Hohlspitz 14,9g/230grs.;.45 ACP;36,99
/p/geco/38-special-blei-wadcutter-9-59g-148grs/64183?page=1&navCategoryId=63318;//bilder.frankonia.de/fsicache/server?type=image&width=288&height=288&effects=pad(CC,ffff)&quality=10&source=products/p64183_ha_v1.jpg;Frankonia;Geco;.38 Special Blei Wadcutter 9,59g/148grs.;.38 Special;24,99
/p/sellier-bellot/9-mm-luger-vollmantel-subsonic-9-7g-150grs/176783?page=1&navCategoryId=63318;//bilder.frankonia.de/fsicache/server?type=image&width=288&height=288&effects=pad(CC,ffff)&quality=10&source=products/p176783_ha.jpg;Frankonia;Sellier & Bellot;9 mm Luger Vollmantel Subsonic 9,7g/150grs.;9mm Luger;19,60
/p/sellier-bellot/9-mm-luger-vollmantel-8-0g-124grs/65187?page=1&navCategoryId=63318;//bilder.frankonia.de/fsicache/server?type=image&width=288&height=288&effects=pad(CC,ffff)&quality=10&source=products/p65187_ha.jpg;Frankonia;Sellier & Bellot;9 mm Luger Vollmantel 8,0g/124grs.;9mm Luger;20,90
/p/magtech/9-mm-luger-vollmantel-8-0g-124grs/144801?page=1&navCategoryId=63318;//bilder.frankonia.de/fsicache/server?type=image&width=288&height=288&effects=pad(CC,ffff)&quality=10&source=products/p144801_ha_v1.jpg;Frankonia;Magtech;9 mm Luger Vollmantel 8,0g/124grs.;9mm Luger;23,00
/p/sellier-bellot/357-mag-teilmantel-10-2-158grs/64195?page=1&navCategoryId=63318;//bilder.frankonia.de/fsicache/server?type=image&width=288&height=288&effects=pad(CC,ffff)&quality=10&source=products/p64195_ha.jpg;Frankonia;Sellier & Bellot;.357 Mag. Teilmantel 10,2/158grs.;.357 Magnum;31,30
/p/geco/9-mm-luger-blei-rk-verkupfert-8-0g-124grs/177672?page=1&navCategoryId=63318;//bilder.frankonia.de/fsicache/server?type=image&width=288&height=288&effects=pad(CC,ffff)&quality=10&source=products/p177672_ha_v1.jpg;Frankonia;Geco;9 mm Luger Blei Rk verkupfert 8,0g/124grs.;9mm Luger;23,80
/p/sellier-bellot/38-spec-vollmantel-10-24g-158grs/64193?page=1&navCategoryId=63318;//bilder.frankonia.de/fsicache/server?type=image&width=288&height=288&effects=pad(CC,ffff)&quality=10&source=products/p64193_ha.jpg;Frankonia;Sellier & Bellot;.38 Spec. Vollmantel 10,24g/158grs.;.38 Special;28,60
/p/magtech/38-special-vollmatel-flachkopf-8-1g-125grs/144848?page=1&navCategoryId=63318;//bilder.frankonia.de/fsicache/server?type=image&width=288&height=288&effects=pad(CC,ffff)&quality=10&source=products/p144848_ha_v1.jpg;Frankonia;Magtech;.38 Special Vollmatel Flachkopf 8,1g/125grs.;.38 Special;29,90
/p/magtech/38-special-tlm-hp-revolverpatronen-10-2g-158grs/144841?page=1&navCategoryId=63318;//bilder.frankonia.de/fsicache/server?type=image&width=288&height=288&effects=pad(CC,ffff)&quality=10&source=products/p144841_ha_v1.jpg;Frankonia;Magtech;.38 Special Tlm.-HP Revolverpatronen 10,2g/158grs.;.38 Special;33,60
/p/sellier-bellot/308-win-vollmantel-9-5g-147grs/114463?navCategoryId=62822;//bilder.frankonia.de/fsicache/server?type=image&width=328&height=328&effects=pad(CC,ffff)&quality=40&source=products/p114463_ha_v1.jpg;Frankonia;Sellier & Bellot;.308 Win. Vollmantel 9,5g/147grs.;.308 Winchester;45,00
/p/sellier-bellot/223-rem-vlm-bt-3-6g-55grs/186962?navCategoryId=62822;//bilder.frankonia.de/fsicache/server?type=image&width=328&height=328&effects=pad(CC,ffff)&quality=40&source=products/p186962_ha.jpg;Frankonia;Sellier & Bellot;.223 Rem. Vlm BT 3,6g/55grs.;.223 Remington;58,99
/p/sellier-bellot/308-win-screen-ammo-scr-zink-8-0g-124grs/2002604?navCategoryId=62822;//bilder.frankonia.de/fsicache/server?type=image&width=328&height=328&effects=pad(CC,ffff)&quality=40&source=products/p2002604_ha_v1.jpg;Frankonia;Sellier & Bellot;.308 Win. Screen-Ammo SCR Zink 8,0g/124grs.;.308 Winchester;49,99
/p/ggg/223-rem-vlm-bt-3-6g-55grs/195335?navCategoryId=62822;//bilder.frankonia.de/fsicache/server?type=image&width=328&height=328&effects=pad(CC,ffff)&quality=40&source=products/p195335_ha_v1.jpg;Frankonia;GGG;.223 Rem. Vlm BT 3,6g/55grs.;.223 Remington;30,00
/p/sellier-bellot/7-62x39-vollmantel-8-0g-124grs/129436?navCategoryId=62822;//bilder.frankonia.de/fsicache/server?type=image&width=328&height=328&effects=pad(CC,ffff)&quality=40&source=products/p129436_ha.jpg;Frankonia;Sellier & Bellot;7,62x39 Vollmantel 8,0g/124grs.;7,62x39;34,70
/p/sellier-bellot/223-rem-vollmantel-4-5g-69grs/2010788?navCategoryId=62822;//bilder.frankonia.de/fsicache/server?type=image&width=288&height=288&effects=pad(CC,ffff)&quality=10&source=products/p2010788_ha_v1.jpg;Frankonia;Sellier & Bellot;.223 Rem. Vollmantel 4,5g/69grs.;.223 Remington;59,99
/p/sellier-bellot/308-win-vollmantel-8-0g-124grs/171318?navCategoryId=62822;//bilder.frankonia.de/fsicache/server?type=image&width=288&height=288&effects=pad(CC,ffff)&quality=10&source=products/p171318_ha.jpg;Frankonia;Sellier & Bellot;.308 Win. Vollmantel 8,0g/124grs.;.308 Winchester;46,99
/p/topshot-competition/308-win-vlm-bt-9-6g-148grs/171545?navCategoryId=62822;//bilder.frankonia.de/fsicache/server?type=image&width=288&height=288&effects=pad(CC,ffff)&quality=10&source=products/p171545_ha_v1.jpg;Frankonia;TOPSHOT Competition;.308 Win. Vlm BT 9,6g/148grs.;.308 Winchester;48,99
/p/hornady/308-win-match-bthp-10-9g-168grs/176867?navCategoryId=62822;//bilder.frankonia.de/fsicache/server?type=image&width=288&height=288&effects=pad(CC,ffff)&quality=10&source=products/p176867_ha_v2.jpg;Frankonia;Hornady;.308 Win. Match BTHP 10,9g/168grs.;.308 Winchester;77,99
/p/topshot-competition/223-rem-vlm-bt-3-6g-55grs/160512?navCategoryId=62822;//bilder.frankonia.de/fsicache/server?type=image&width=288&height=288&effects=pad(CC,ffff)&quality=10&source=products/p160512_ha_v1.jpg;Frankonia;TOPSHOT Competition;.223 Rem. Vlm BT 3,6g/55grs.;.223 Remington;60,50
/p/geco/6-5-creedmoor-target-hp-8-4g-130grs/2010038?navCategoryId=62822;//bilder.frankonia.de/fsicache/server?type=image&width=288&height=288&effects=pad(CC,ffff)&quality=10&source=products/p2010038_ha_v2.jpg;Frankonia;Geco;6,5 Creedmoor Target HP 8,4g/130grs.;6,5 Creedmoor;76,99
/p/hornady/223-rem-match-bthp-3-4g-52grs/171554?navCategoryId=62822;//bilder.frankonia.de/fsicache/server?type=image&width=288&height=288&effects=pad(CC,ffff)&quality=10&source=products/p171554_ha_v1.jpg;Frankonia;Hornady;.223 Rem. Match BTHP 3,4g/52grs.;.223 Remington;57,99
/p/hornady/6-5-creedmoor-eld-match-9-1g-140grs/192817?navCategoryId=62822;//bilder.frankonia.de/fsicache/server?type=image&width=288&height=288&effects=pad(CC,ffff)&quality=10&source=products/p192817_ha.jpg;Frankonia;Hornady;6,5 Creedmoor ELD Match 9,1g/140grs.;6,5 Creedmoor;43,99
/p/federal-ammunition/223-rem-american-eagle-fmj-62-grs/199650?navCategoryId=62822;//bilder.frankonia.de/fsicache/server?type=image&width=288&height=288&effects=pad(CC,ffff)&quality=10&source=products/p199650_ha.jpg;Frankonia;Federal Ammunition;.223 Rem. American Eagle FMJ 62 grs.;.223 Remington;20,50
/p/hornady/223-rem-match-bthp-4-4g-68grs/172315?navCategoryId=62822;//bilder.frankonia.de/fsicache/server?type=image&width=288&height=288&effects=pad(CC,ffff)&quality=10&source=products/p172315_ha_v1.jpg;Frankonia;Hornady;.223 Rem. Match BTHP 4,4g/68grs.;.223 Remington;57,99
/p/hornady/223-rem-match-bthp-4-9g-75grs/171885?navCategoryId=62822;//bilder.frankonia.de/fsicache/server?type=image&width=288&height=288&effects=pad(CC,ffff)&quality=10&source=products/p171885_ha.jpg;Frankonia;Hornady;.223 Rem. Match BTHP 4,9g/75grs.;.223 Remington;30,99
/p/rws/22-lfb-biathlon-competition-2-6g-40grs/2007577?navCategoryId=62822;//bilder.frankonia.de/fsicache/server?type=image&width=288&height=288&effects=pad(CC,ffff)&quality=10&source=products/p2007577_ha_v1.jpg;Frankonia;RWS;.22 lfb. Biathlon Competition 2,6g/40grs.;.22 lfb;23,99
/p/remington/223-rem-bthp-4-5g-69grs/167173?navCategoryId=62822;//bilder.frankonia.de/fsicache/server?type=image&width=288&height=288&effects=pad(CC,ffff)&quality=10&source=products/p167173_ha.jpg;Frankonia;Remington;.223 Rem. BTHP 4,5g/69grs.;.223 Remington;24,99
/p/federal-ammunition/308-win-premium-gold-medal-sierra-match-king-10-9g-168grs/2001145?navCategoryId=62822;//bilder.frankonia.de/fsicache/server?type=image&width=288&height=288&effects=pad(CC,ffff)&quality=10&source=products/p2001145_ha_v1.jpg;Frankonia;Federal Ammunition;.308 Win. Premium Gold Medal Sierra Match King 10,9g/168grs.;.308 Winchester;48,99
/p/ggg/308-win-vollmantel-9-5g-147grs/2014294?navCategoryId=62822;//bilder.frankonia.de/fsicache/server?type=image&width=288&height=288&effects=pad(CC,ffff)&quality=10&source=products/p2014294_ha_v1.jpg;Frankonia;GGG;.308 Win. Vollmantel 9,5g/147grs.;.308 Winchester;22,99
/p/federal-ammunition/223-rem-premium-gold-medal-sierra-match-king-4-5g-69grs/2001142?navCategoryId=62822;//bilder.frankonia.de/fsicache/server?type=image&width=288&height=288&effects=pad(CC,ffff)&quality=10&source=products/p2001142_ha_v1.jpg;Frankonia;Federal Ammunition;.223 Rem. Premium Gold Medal Sierra Match King 4,5g/69grs.;.223 Remington;37,99
/p/sellier-bellot/223-rem-otm-hpbt-4-5g-69grs/2004037?navCategoryId=62822;//bilder.frankonia.de/fsicache/server?type=image&width=288&height=288&effects=pad(CC,ffff)&quality=10&source=products/p2004037_ha_v1.jpg;Frankonia;Sellier & Bellot;.223 Rem. OTM HPBT 4,5g/69grs.;.223 Remington;22,99
/p/federal-ammunition/223-rem-premium-gold-medal-berger-bt-target-4-7g-73grs/2001121?navCategoryId=62822;//bilder.frankonia.de/fsicache/server?type=image&width=288&height=288&effects=pad(CC,ffff)&quality=10&source=products/p2001121_ha_v1.jpg;Frankonia;Federal Ammunition;.223 Rem. Premium Gold Medal Berger BT Target 4,7g/73grs.;.223 Remington;39,99
/p/hornady/6-5-creedmoor-eld-match-9-5g-147grs/2004741?navCategoryId=62822;//bilder.frankonia.de/fsicache/server?type=image&width=288&height=288&effects=pad(CC,ffff)&quality=10&source=products/p2004741_ha.jpg;Frankonia;Hornady;6,5 Creedmoor ELD Match 9,5g/147grs.;6,5 Creedmoor;43,99
/p/remington/223-rem-bthp-3-4g-52grs/167172?navCategoryId=62822;//bilder.frankonia.de/fsicache/server?type=image&width=288&height=288&effects=pad(CC,ffff)&quality=10&source=products/p167172_ha.jpg;Frankonia;Remington;.223 Rem. BTHP 3,4/52grs.;.223 Remington;23,99
/p/ggg/223-rem-nosler-hpbt-4-5g-69grs/2014511?navCategoryId=62822;//bilder.frankonia.de/fsicache/server?type=image&width=288&height=288&effects=pad(CC,ffff)&quality=10&source=products/p2014511_ha_v1.jpg;Frankonia;GGG;.223 Rem. Nosler HPBT 4,5g/69grs.;.223 Remington;25,90
/p/hornady/308-win-match-bthp-10-9g-168grs/171886?navCategoryId=62822;//bilder.frankonia.de/fsicache/server?type=image&width=288&height=288&effects=pad(CC,ffff)&quality=10&source=products/p171886_ha_v1.jpg;Frankonia;Hornady;.308 Win. Match BTHP 10,9/g168grs.;.308 Winchester;42,99
/p/hornady/308-win-eld-match-10-9g-168grs/2004742?navCategoryId=62822;//bilder.frankonia.de/fsicache/server?type=image&width=288&height=288&effects=pad(CC,ffff)&quality=10&source=products/p2004742_ha.jpg;Frankonia;Hornady;.308 Win. ELD Match 10,9g/168grs.;.308 Winchester;48,99
/p/geco/308-win-dtx-bleifrei-7-0g-108grs/2013331?navCategoryId=62822;//bilder.frankonia.de/fsicache/server?type=image&width=288&height=288&effects=pad(CC,ffff)&quality=10&source=products/p2013331_ha_v1.jpg;Frankonia;Geco;.308 Win. DTX bleifrei 7,0g/108grs.;.308 Winchester;63,99
/p/sellier-bellot/308-win-otm-hpbt-11-7g-180grs/2000472?navCategoryId=62822;//bilder.frankonia.de/fsicache/server?type=image&width=288&height=288&effects=pad(CC,ffff)&quality=10&source=products/p2000472_ha_v1.jpg;Frankonia;Sellier & Bellot;.308 Win. OTM HPBT 11,7g/180grs.;.308 Winchester;35,99
/p/federal-ammunition/308-win-premium-sierra-match-king-hpbt-11-3g-175grs/2001146?navCategoryId=62822;//bilder.frankonia.de/fsicache/server?type=image&width=288&height=288&effects=pad(CC,ffff)&quality=10&source=products/p2001146_ha_v1.jpg;Frankonia;Federal Ammunition;.308 Win. Premium Sierra Match King HPBT 11,3g/175grs.;.308 Winchester;45,99
/p/norma/308-win-vollm-jakt-match-9-7g-150grs/60209?navCategoryId=62822;//bilder.frankonia.de/fsicache/server?type=image&width=288&height=288&effects=pad(CC,ffff)&quality=10&source=products/p60209_ha.jpg;Frankonia;Norma;.308 Win. Vollm.-Jakt-Match 9,7g/150grs.;.308 Winchester;89,99
/p/hornady/308-win-match-bthp-11-5g-178grs/171887?navCategoryId=62822;//bilder.frankonia.de/fsicache/server?type=image&width=288&height=288&effects=pad(CC,ffff)&quality=10&source=products/p171887_ha.jpg;Frankonia;Hornady;.308 Win. Match BTHP 11,5g/178grs.;.308 Winchester;44,99
/p/hornady/6-5-creedmoor-eld-match-7-8g-120grs/2004740?navCategoryId=62822;//bilder.frankonia.de/fsicache/server?type=image&width=288&height=288&effects=pad(CC,ffff)&quality=10&source=products/p2004740_ha.jpg;Frankonia;Hornady;6,5 Creedmoor ELD Match 7,8g/120grs.;6,5 Creedmoor;45,50
/p/sako/308-win-racehead-hp-10-9g-168grs/197952?navCategoryId=62822;//bilder.frankonia.de/fsicache/server?type=image&width=288&height=288&effects=pad(CC,ffff)&quality=10&source=products/p197952_ha.jpg;Frankonia;Sako;.308 Win. Racehead HP 10,9g/168grs.;.308 Winchester;56,99
/p/geco/7-62x39-target-vlm-8-0g-124grs/175173?navCategoryId=62822;//bilder.frankonia.de/fsicache/server?type=image&width=288&height=288&effects=pad(CC,ffff)&quality=10&source=products/p175173_ha_v1.jpg;Frankonia;Geco;7,62x39 Target VLM 8,0g/124grs.;7,62x39;51,99
/p/geco/308-win-dtx-9-7g-150grs/2007587?page=1&navCategoryId=62822;//bilder.frankonia.de/fsicache/server?type=image&width=328&height=328&effects=pad(CC,ffff)&quality=40&source=products/p2007587_ha.jpg;Frankonia;Geco;.308 Win. DTX 9,7g/150grs;.308 Winchester;45,00
/p/geco/223-rem-vlm-target-3-6g-55grs/167014?page=1&navCategoryId=62822;//bilder.frankonia.de/fsicache/server?type=image&width=328&height=328&effects=pad(CC,ffff)&quality=40&source=products/p167014_ha_v1.jpg;Frankonia;Geco;.223 Rem. Vlm Target 3,6g/55grs.;.223 Remington;38,99
/p/rws/308-win-scorion-10-9g-168grs/2002231?page=1&navCategoryId=62822;//bilder.frankonia.de/fsicache/server?type=image&width=328&height=328&effects=pad(CC,ffff)&quality=40&source=products/p2002231_ha_v1.jpg;Frankonia;RWS;.308 Win. Scorion 10,9g/168grs.;.308 Winchester;36,99
/p/sellier-bellot/308-win-vollmantel-fmj-11-7g-180grs/133194?page=1&navCategoryId=62822;//bilder.frankonia.de/fsicache/server?type=image&width=328&height=328&effects=pad(CC,ffff)&quality=40&source=products/p133194_ha.jpg;Frankonia;Sellier & Bellot;.308 Win. Vollmantel FMJ 11,7g/180grs.;.308 Winchester;33,70
/p/remington/223-rem-umc-vollmantel-3-6g-55grs/167196?page=1&navCategoryId=62822;//bilder.frankonia.de/fsicache/server?type=image&width=328&height=328&effects=pad(CC,ffff)&quality=40&source=products/p167196_ha_v1.jpg;Frankonia;Remington;.223 Rem. UMC Vollmantel 3,6g/55grs.;.223 Remington;20,99
/p/norma/308-win-golden-target-hpbt-10-0g-155grs/2013736?page=1&navCategoryId=62822;//bilder.frankonia.de/fsicache/server?type=image&width=328&height=328&effects=pad(CC,ffff)&quality=40&source=products/p2013732_ha_v1.jpg;Frankonia;Norma;.308 Win. Golden Target HPBT 10,0g/155grs.;.308 Winchester;38,80
/p/rws/308-win-cineshot-9-5g-147grs/2000945?page=1&navCategoryId=62822;//bilder.frankonia.de/fsicache/server?type=image&width=288&height=288&effects=pad(CC,ffff)&quality=10&source=products/p2000945_ha.jpg;Frankonia;RWS;.308 Win. Cineshot 9,5g/147grs.;.308 Winchester;39,90
/p/geco/223-rem-dtx-3-6g-55grs/2007586?page=1&navCategoryId=62822;//bilder.frankonia.de/fsicache/server?type=image&width=288&height=288&effects=pad(CC,ffff)&quality=10&source=products/p2007586_ha.jpg;Frankonia;Geco;.223 Rem. DTX 3,6g/55grs.;.223 Remington;94,99
